{
  "id": "4702714",
  "name": "77",
  "font_family": "iconfont",
  "css_prefix_text": "icon-",
  "description": "",
  "glyphs": [
    {
      "icon_id": "1360",
      "name": "新浪微博",
      "font_class": "xinlangweibo",
      "unicode": "e600",
      "unicode_decimal": 58880
    },
    {
      "icon_id": "752658",
      "name": "Weixin",
      "font_class": "weixin",
      "unicode": "e664",
      "unicode_decimal": 58980
    },
    {
      "icon_id": "925646",
      "name": "头像",
      "font_class": "touxiang",
      "unicode": "e679",
      "unicode_decimal": 59001
    },
    {
      "icon_id": "1256462",
      "name": "搜索",
      "font_class": "sousuo",
      "unicode": "e604",
      "unicode_decimal": 58884
    },
    {
      "icon_id": "1727470",
      "name": "232编辑、输入",
      "font_class": "bianjishuru",
      "unicode": "e8cc",
      "unicode_decimal": 59596
    },
    {
      "icon_id": "18166694",
      "name": "抖音",
      "font_class": "douyin",
      "unicode": "e8db",
      "unicode_decimal": 59611
    }
  ]
}
