{
  "id": "",
  "name": "",
  "font_family": "iconfont",
  "css_prefix_text": "icon-",
  "description": "",
  "glyphs": [
    {
      "icon_id": "145438",
      "name": "搜索",
      "font_class": "sousuo",
      "unicode": "e62f",
      "unicode_decimal": 58927
    },
    {
      "icon_id": "145456",
      "name": "信封",
      "font_class": "xinfeng",
      "unicode": "e640",
      "unicode_decimal": 58944
    },
    {
      "icon_id": "201559",
      "name": "火热",
      "font_class": "huore",
      "unicode": "f01f3",
      "unicode_decimal": 983539
    },
    {
      "icon_id": "577362",
      "name": "时钟",
      "font_class": "shizhong",
      "unicode": "e74f",
      "unicode_decimal": 59215
    },
    {
      "icon_id": "924728",
      "name": "账户",
      "font_class": "zhanghu",
      "unicode": "e62b",
      "unicode_decimal": 58923
    },
    {
      "icon_id": "5387589",
      "name": "箭头_向上",
      "font_class": "jiantou_xiangshang",
      "unicode": "eb0a",
      "unicode_decimal": 60170
    },
    {
      "icon_id": "5387806",
      "name": "播放_o",
      "font_class": "bofang_o",
      "unicode": "eb5e",
      "unicode_decimal": 60254
    },
    {
      "icon_id": "7991689",
      "name": "小房子",
      "font_class": "xiaofangzi",
      "unicode": "e66b",
      "unicode_decimal": 58987
    }
  ]
}
